fixid,student_fullname,bugid,devid,fixdate,description
1,RATSIHOARANA Nomenahitantsoa Amy Andriamalala,36,58,2025-08-24,Before name continue those hard knowledge enjoy.
2,RATSIHOARANA Nomenahitantsoa Amy Andriamalala,88,22,2025-06-09,difficult environmental article sell property beat gas.
3,RATSIHOARANA Nomenahitantsoa Amy Andriamalala,12,57,2025-07-09,Wife operation network subject stand industry movement term.
4,RATSIHOARANA Nomenahitantsoa Amy Andriamalala,89,53,2025-06-13,Think live bad total research maybe too song quality per.
5,RATSIHOARANA Nomenahitantsoa Amy Andriamalala,68,40,2025-01-26,Common worker will speak call interest write itself young.
6,RATSIHOARANA Nomenahitantsoa Amy Andriamalala,42,17,2025-08-11,Street election treat trial attack hold.
7,RATSIHOARANA Nomenahitantsoa Amy Andriamalala,74,49,2025-05-14,For everybody leader them skill performance mission information increase challenge.
8,RATSIHOARANA Nomenahitantsoa Amy Andriamalala,10,19,2025-07-27,Serve vote understand none big experience movie gas improve him.
9,RATSIHOARANA Nomenahitantsoa Amy Andriamalala,57,17,2025-06-17,Participant also every century participant really although threat former down.
10,RATSIHOARANA Nomenahitantsoa Amy Andriamalala,100,7,2025-09-26,  TV TODAY AFTER STAGE FIELD EXACTLY MAN RECEIVE BETTER.  
11,RATSIHOARANA Nomenahitantsoa Amy Andriamalala,62,30,2025-11-13,Care wind kitchen stay especially indicate population.
12,RATSIHOARANA Nomenahitantsoa Amy Andriamalala,14,25,2025-02-21,Deep station scientist service test start middle city find.
13,RATSIHOARANA Nomenahitantsoa Amy Andriamalala,15,6,2025-06-25,Career surface these ahead cover strategy student economic.
14,RATSIHOARANA Nomenahitantsoa Amy Andriamalala,58,26,2025-06-06,  TRUTH RELATE EVER STATEMENT MEASURE.  
15,RATSIHOARANA Nomenahitantsoa Amy Andriamalala,63,60,2025-08-14,Race drop major land whether listen.
16,RATSIHOARANA Nomenahitantsoa Amy Andriamalala,84,55,2025-07-13,general study else store bed agree anyone take.
17,RATSIHOARANA Nomenahitantsoa Amy Andriamalala,16,16,2025-10-09,tax positive question especially important after.
18,RATSIHOARANA Nomenahitantsoa Amy Andriamalala,94,22,2025-10-10,listen car community song.
19,RATSIHOARANA Nomenahitantsoa Amy Andriamalala,67,6,2025-03-07,Part wall require remember every time surface.
20,RATSIHOARANA Nomenahitantsoa Amy Andriamalala,83,10,2025-06-07,design few minute perhaps once account yourself.
21,RATSIHOARANA Nomenahitantsoa Amy Andriamalala,30,11,2025-11-03,No order executive range loss from everybody foot.
22,RATSIHOARANA Nomenahitantsoa Amy Andriamalala,3,59,2025-03-28,  PREVENT WEIGHT PREPARE COULD MILITARY DRIVE ARM.  
23,RATSIHOARANA Nomenahitantsoa Amy Andriamalala,5,26,2025-11-08,  IDENTIFY FLOOR CAUSE AGENT MARKET FAST TRADE IDENTIFY SAY ON.  
24,RATSIHOARANA Nomenahitantsoa Amy Andriamalala,46,52,2025-07-21,Gas require rather point little wait.
25,RATSIHOARANA Nomenahitantsoa Amy Andriamalala,87,49,2025-04-29,Feel color price next family likely scientist rise next.
26,RATSIHOARANA Nomenahitantsoa Amy Andriamalala,1,52,2025-11-30,  WATER TONIGHT PRESSURE DEVELOP DEVELOPMENT THE.  
27,RATSIHOARANA Nomenahitantsoa Amy Andriamalala,30,11,2025-05-23,  HE ONE LESS BROTHER APPROACH PLANT OIL PER.  
28,RATSIHOARANA Nomenahitantsoa Amy Andriamalala,23,45,2025-06-12,  MATTER TEST HIGH FEAR APPROACH TAKE.  
29,RATSIHOARANA Nomenahitantsoa Amy Andriamalala,11,21,2025-02-02,Garden would throughout would century television.
30,RATSIHOARANA Nomenahitantsoa Amy Andriamalala,24,18,2025-02-19,Maintain piece computer play above.
31,RATSIHOARANA Nomenahitantsoa Amy Andriamalala,67,18,2025-03-27,Seven collection share majority shake because.
32,RATSIHOARANA Nomenahitantsoa Amy Andriamalala,75,1,2025-08-06,Plant idea whole himself also current health add focus.
33,RATSIHOARANA Nomenahitantsoa Amy Andriamalala,48,40,2025-10-30,Course quality phone eat really general can himself open cold.
34,RATSIHOARANA Nomenahitantsoa Amy Andriamalala,57,41,2025-10-26,  FEAR FACT ROAD OTHERS FULL.  
35,RATSIHOARANA Nomenahitantsoa Amy Andriamalala,32,10,2025-11-20,Garden top grow could way truth.
36,RATSIHOARANA Nomenahitantsoa Amy Andriamalala,76,9,2025-05-16,  DIRECTION ROAD CAPITAL SAFE.  
37,RATSIHOARANA Nomenahitantsoa Amy Andriamalala,94,17,2025-07-28,College hand practice also theory eight movement any yes.
38,RATSIHOARANA Nomenahitantsoa Amy Andriamalala,50,10,2025-08-25,President after ready indicate herself.
39,RATSIHOARANA Nomenahitantsoa Amy Andriamalala,100,19,2025-07-11,  LISTEN CHECK RECEIVE PIECE FEELING PRODUCT PRODUCTION.  
40,RATSIHOARANA Nomenahitantsoa Amy Andriamalala,6,8,2025-03-25,paper case store bit responsibility brother box blood cup current enjoy.
41,RATSIHOARANA Nomenahitantsoa Amy Andriamalala,4,39,2025-07-02,Group important civil nature travel read.
42,RATSIHOARANA Nomenahitantsoa Amy Andriamalala,59,11,2025-06-15,Doctor actually become book off management we single.
43,RATSIHOARANA Nomenahitantsoa Amy Andriamalala,15,36,2025-01-09,  TOWARD POPULAR LEAD WITH ENOUGH.  
44,RATSIHOARANA Nomenahitantsoa Amy Andriamalala,26,22,2024-12-30,Spend them system growth quality.
45,RATSIHOARANA Nomenahitantsoa Amy Andriamalala,100,18,2025-05-25,Believe serve animal system professional.
46,RATSIHOARANA Nomenahitantsoa Amy Andriamalala,19,19,2025-02-15,Group just perform there behavior spring consumer husband.
47,RATSIHOARANA Nomenahitantsoa Amy Andriamalala,37,42,2025-06-06,  STRUCTURE READY LONG INSTEAD THOUGH COACH CAR.  
48,RATSIHOARANA Nomenahitantsoa Amy Andriamalala,47,18,2025-09-19,word such billion treat lot.
49,RATSIHOARANA Nomenahitantsoa Amy Andriamalala,6,21,2025-07-19,consider here grow agreement range stuff wind candidate turn.
50,RATSIHOARANA Nomenahitantsoa Amy Andriamalala,88,59,2025-01-23,key as pressure actually than modern season rich.
51,RATSIHOARANA Nomenahitantsoa Amy Andriamalala,51,33,2025-03-07,  MIND READ PEACE ITEM RISK LOSS PROFESSIONAL POLITICAL.  
52,RATSIHOARANA Nomenahitantsoa Amy Andriamalala,43,8,2025-02-06,  THROUGHOUT PARTY ACTIVITY VARIOUS MEASURE LIGHT MANY CLOSE SEEM FLY.  
53,RATSIHOARANA Nomenahitantsoa Amy Andriamalala,42,57,2025-04-18,  ANYONE DEVELOPMENT POOR IDEA DOG LEARN SOON.  
54,RATSIHOARANA Nomenahitantsoa Amy Andriamalala,70,12,2025-06-03,Task language budget market president.
55,RATSIHOARANA Nomenahitantsoa Amy Andriamalala,81,2,2025-01-19,Include news a before page people fight meet.
56,RATSIHOARANA Nomenahitantsoa Amy Andriamalala,85,16,2025-03-01,Wear guy approach development lawyer nice people list price.
57,RATSIHOARANA Nomenahitantsoa Amy Andriamalala,25,31,2025-09-15,Box service develop game stop who factor miss reduce.
58,RATSIHOARANA Nomenahitantsoa Amy Andriamalala,50,32,2024-12-28,  MANAGE STATE SCORE IMPORTANT EFFECT CULTURAL.  
59,RATSIHOARANA Nomenahitantsoa Amy Andriamalala,89,37,2025-01-26,Democratic station course full serious another plan public.
60,RATSIHOARANA Nomenahitantsoa Amy Andriamalala,15,54,2025-01-27,leader operation mean white above save network item one.
61,RATSIHOARANA Nomenahitantsoa Amy Andriamalala,55,11,2025-12-04,Sit travel reality community spring billion price paper focus thing.
62,RATSIHOARANA Nomenahitantsoa Amy Andriamalala,26,10,2025-05-22,Trouble several event white wife laugh card include record security.
63,RATSIHOARANA Nomenahitantsoa Amy Andriamalala,52,23,2025-04-06,Team Republican very plan cut person fact generation public wonder.
64,RATSIHOARANA Nomenahitantsoa Amy Andriamalala,41,25,2025-08-20,  MEAN REASON FOLLOW BREAK GOOD LOSE.  
65,RATSIHOARANA Nomenahitantsoa Amy Andriamalala,9,33,2025-07-20,Purpose throw move there institution actually blood herself apply.
66,RATSIHOARANA Nomenahitantsoa Amy Andriamalala,66,55,2025-01-01,Environment size worker raise chair artist.
67,RATSIHOARANA Nomenahitantsoa Amy Andriamalala,54,17,2025-10-11,Daughter must grow laugh pattern push no.
68,RATSIHOARANA Nomenahitantsoa Amy Andriamalala,69,4,2025-03-08,home memory someone receive realize another high indicate small rate.
69,RATSIHOARANA Nomenahitantsoa Amy Andriamalala,54,19,2025-07-13,Actually edge per sit thank.
70,RATSIHOARANA Nomenahitantsoa Amy Andriamalala,22,13,2025-10-29,Treatment relate positive sense national owner simply.
71,RATSIHOARANA Nomenahitantsoa Amy Andriamalala,41,14,2025-02-24,  LARGE WORK AVOID WHILE SAME BUDGET AMERICAN.  
72,RATSIHOARANA Nomenahitantsoa Amy Andriamalala,54,48,2025-03-29,Enough claim suffer accept letter visit always up others similar.
73,RATSIHOARANA Nomenahitantsoa Amy Andriamalala,95,14,2025-08-10,successful feeling so nearly authority remain moment whatever minute skill city.
74,RATSIHOARANA Nomenahitantsoa Amy Andriamalala,76,29,2025-07-09,Idea glass third professional former family wear peace little no.
75,RATSIHOARANA Nomenahitantsoa Amy Andriamalala,32,39,2025-09-29,  BOY GENERATION DRIVE POLITICS.  
76,RATSIHOARANA Nomenahitantsoa Amy Andriamalala,63,5,2025-12-02,During always those high someone box either rich agency might side.
77,RATSIHOARANA Nomenahitantsoa Amy Andriamalala,25,28,2025-06-28,knowledge analysis together court message way cold what mrs account.
78,RATSIHOARANA Nomenahitantsoa Amy Andriamalala,24,8,2025-01-05,Prove similar ten interest billion Mrs.
79,RATSIHOARANA Nomenahitantsoa Amy Andriamalala,44,27,2025-09-09,Position vote section child learn forward beautiful approach some.
80,RATSIHOARANA Nomenahitantsoa Amy Andriamalala,97,26,2025-07-15,  OFFER DIRECTION ELSE HOLD PICTURE.  
81,RATSIHOARANA Nomenahitantsoa Amy Andriamalala,51,21,2025-05-28,  ADMIT PULL MOVEMENT POLITICAL PEACE SERIES ONE RED.  
82,RATSIHOARANA Nomenahitantsoa Amy Andriamalala,86,22,2025-01-08,Up blood skin feeling beat she join house.
83,RATSIHOARANA Nomenahitantsoa Amy Andriamalala,95,26,2025-08-24,  LISTEN MOUTH CARRY HOSPITAL SOMETHING.  
84,RATSIHOARANA Nomenahitantsoa Amy Andriamalala,41,56,2025-07-10,Whether century quality trial some role health.
85,RATSIHOARANA Nomenahitantsoa Amy Andriamalala,84,1,2024-12-15,themselves center among of hour natural be decide scientist rise.
86,RATSIHOARANA Nomenahitantsoa Amy Andriamalala,46,44,2025-03-03,Town surface central contain pattern education boy provide.
87,RATSIHOARANA Nomenahitantsoa Amy Andriamalala,100,48,2025-07-19,Surface usually yes leave near.
88,RATSIHOARANA Nomenahitantsoa Amy Andriamalala,36,44,2025-04-02,Economy culture oil week ground.
89,RATSIHOARANA Nomenahitantsoa Amy Andriamalala,25,35,2025-08-28,beyond people too fish late pattern figure.
90,RATSIHOARANA Nomenahitantsoa Amy Andriamalala,97,59,2025-07-25,Not hair first into above east.
91,RATSIHOARANA Nomenahitantsoa Amy Andriamalala,100,48,2025-07-19,  SURFACE USUALLY YES LEAVE NEAR.  
92,RATSIHOARANA Nomenahitantsoa Amy Andriamalala,67,18,2025-03-27,Seven collection share majority shake because.
93,RATSIHOARANA Nomenahitantsoa Amy Andriamalala,30,11,2025-11-03,  NO ORDER EXECUTIVE RANGE LOSS FROM EVERYBODY FOOT.  
94,RATSIHOARANA Nomenahitantsoa Amy Andriamalala,15,54,2025-01-27,  LEADER OPERATION MEAN WHITE ABOVE SAVE NETWORK ITEM ONE.  
95,RATSIHOARANA Nomenahitantsoa Amy Andriamalala,36,44,2025-04-02,Economy culture oil week ground.
96,RATSIHOARANA Nomenahitantsoa Amy Andriamalala,100,7,2025-09-26,tv today after stage field exactly man receive better.
97,RATSIHOARANA Nomenahitantsoa Amy Andriamalala,66,55,2025-01-01,Environment size worker raise chair artist.
98,RATSIHOARANA Nomenahitantsoa Amy Andriamalala,25,31,2025-09-15,  BOX SERVICE DEVELOP GAME STOP WHO FACTOR MISS REDUCE.  
99,RATSIHOARANA Nomenahitantsoa Amy Andriamalala,41,56,2025-07-10,Whether century quality trial some role health.
100,RATSIHOARANA Nomenahitantsoa Amy Andriamalala,63,5,2025-12-02,During always those high someone box either rich agency might side.
101,RATSIHOARANA Nomenahitantsoa Amy Andriamalala,55,11,2025-12-04,sit travel reality community spring billion price paper focus thing.
102,RATSIHOARANA Nomenahitantsoa Amy Andriamalala,59,11,2025-06-15,  DOCTOR ACTUALLY BECOME BOOK OFF MANAGEMENT WE SINGLE.  
103,RATSIHOARANA Nomenahitantsoa Amy Andriamalala,5,26,2025-11-08,identify floor cause agent market fast trade identify say on.
104,RATSIHOARANA Nomenahitantsoa Amy Andriamalala,67,6,2025-03-07,Part wall require remember every time surface.
105,RATSIHOARANA Nomenahitantsoa Amy Andriamalala,84,55,2025-07-13,  GENERAL STUDY ELSE STORE BED AGREE ANYONE TAKE.  
106,RATSIHOARANA Nomenahitantsoa Amy Andriamalala,70,12,2025-06-03,  TASK LANGUAGE BUDGET MARKET PRESIDENT.  
107,RATSIHOARANA Nomenahitantsoa Amy Andriamalala,41,25,2025-08-20,Mean reason follow break good lose.
108,RATSIHOARANA Nomenahitantsoa Amy Andriamalala,23,45,2025-06-12,Matter test high fear approach take.
109,RATSIHOARANA Nomenahitantsoa Amy Andriamalala,32,10,2025-11-20,Garden top grow could way truth.
110,RATSIHOARANA Nomenahitantsoa Amy Andriamalala,50,32,2024-12-28,Manage state score important effect cultural.
111,RATSIHOARANA Nomenahitantsoa Amy Andriamalala,57,17,2025-06-17,Participant also every century participant really although threat former down.
112,RATSIHOARANA Nomenahitantsoa Amy Andriamalala,42,17,2025-08-11,Street election treat trial attack hold.
113,RATSIHOARANA Nomenahitantsoa Amy Andriamalala,88,59,2025-01-23,Key as pressure actually than modern season rich.
114,RATSIHOARANA Nomenahitantsoa Amy Andriamalala,62,30,2025-11-13,Care wind kitchen stay especially indicate population.
115,RATSIHOARANA Nomenahitantsoa Amy Andriamalala,97,59,2025-07-25,not hair first into above east.
116,RATSIHOARANA Nomenahitantsoa Amy Andriamalala,94,22,2025-10-10,listen car community song.
117,RATSIHOARANA Nomenahitantsoa Amy Andriamalala,88,22,2025-06-09,Difficult environmental article sell property beat gas.
118,RATSIHOARANA Nomenahitantsoa Amy Andriamalala,24,8,2025-01-05,Prove similar ten interest billion Mrs.
119,RATSIHOARANA Nomenahitantsoa Amy Andriamalala,54,17,2025-10-11,Daughter must grow laugh pattern push no.
120,RATSIHOARANA Nomenahitantsoa Amy Andriamalala,83,10,2025-06-07,Design few minute perhaps once account yourself.
