projectid,devid,student_fullname
33,6,  RATSIHOARANA NOMENAHITANTSOA AMY ANDRIAMALALA  
49,21,RATSIHOARANA Nomenahitantsoa Amy Andriamalala
19,2,ratsihoarana nomenahitantsoa amy andriamalala
36,22,  RATSIHOARANA NOMENAHITANTSOA AMY ANDRIAMALALA  
2,49,RATSIHOARANA Nomenahitantsoa Amy Andriamalala
37,56,RATSIHOARANA Nomenahitantsoa Amy Andriamalala
43,60,RATSIHOARANA Nomenahitantsoa Amy Andriamalala
52,45,RATSIHOARANA Nomenahitantsoa Amy Andriamalala
35,5,RATSIHOARANA Nomenahitantsoa Amy Andriamalala
54,47,ratsihoarana nomenahitantsoa amy andriamalala
8,1,  RATSIHOARANA NOMENAHITANTSOA AMY ANDRIAMALALA  
57,51,  RATSIHOARANA NOMENAHITANTSOA AMY ANDRIAMALALA  
57,19,ratsihoarana nomenahitantsoa amy andriamalala
18,56,  RATSIHOARANA NOMENAHITANTSOA AMY ANDRIAMALALA  
52,27,ratsihoarana nomenahitantsoa amy andriamalala
35,43,  RATSIHOARANA NOMENAHITANTSOA AMY ANDRIAMALALA  
28,25,  RATSIHOARANA NOMENAHITANTSOA AMY ANDRIAMALALA  
7,60,RATSIHOARANA Nomenahitantsoa Amy Andriamalala
50,16,ratsihoarana nomenahitantsoa amy andriamalala
8,28,  RATSIHOARANA NOMENAHITANTSOA AMY ANDRIAMALALA  
38,50,  RATSIHOARANA NOMENAHITANTSOA AMY ANDRIAMALALA  
8,40,RATSIHOARANA Nomenahitantsoa Amy Andriamalala
1,48,RATSIHOARANA Nomenahitantsoa Amy Andriamalala
41,5,RATSIHOARANA Nomenahitantsoa Amy Andriamalala
56,59,RATSIHOARANA Nomenahitantsoa Amy Andriamalala
54,7,RATSIHOARANA Nomenahitantsoa Amy Andriamalala
37,47,  RATSIHOARANA NOMENAHITANTSOA AMY ANDRIAMALALA  
13,46,RATSIHOARANA Nomenahitantsoa Amy Andriamalala
27,17,RATSIHOARANA Nomenahitantsoa Amy Andriamalala
21,46,RATSIHOARANA Nomenahitantsoa Amy Andriamalala
28,60,RATSIHOARANA Nomenahitantsoa Amy Andriamalala
44,55,RATSIHOARANA Nomenahitantsoa Amy Andriamalala
47,16,RATSIHOARANA Nomenahitantsoa Amy Andriamalala
24,14,  RATSIHOARANA NOMENAHITANTSOA AMY ANDRIAMALALA  
58,15,RATSIHOARANA Nomenahitantsoa Amy Andriamalala
23,41,RATSIHOARANA Nomenahitantsoa Amy Andriamalala
13,59,RATSIHOARANA Nomenahitantsoa Amy Andriamalala
10,40,ratsihoarana nomenahitantsoa amy andriamalala
43,28,RATSIHOARANA Nomenahitantsoa Amy Andriamalala
4,29,ratsihoarana nomenahitantsoa amy andriamalala
16,57,RATSIHOARANA Nomenahitantsoa Amy Andriamalala
49,30,RATSIHOARANA Nomenahitantsoa Amy Andriamalala
26,44,RATSIHOARANA Nomenahitantsoa Amy Andriamalala
37,30,  RATSIHOARANA NOMENAHITANTSOA AMY ANDRIAMALALA  
32,60,RATSIHOARANA Nomenahitantsoa Amy Andriamalala
28,22,ratsihoarana nomenahitantsoa amy andriamalala
45,40,RATSIHOARANA Nomenahitantsoa Amy Andriamalala
43,54,  RATSIHOARANA NOMENAHITANTSOA AMY ANDRIAMALALA  
19,15,  RATSIHOARANA NOMENAHITANTSOA AMY ANDRIAMALALA  
26,3,RATSIHOARANA Nomenahitantsoa Amy Andriamalala
28,41,RATSIHOARANA Nomenahitantsoa Amy Andriamalala
48,53,  RATSIHOARANA NOMENAHITANTSOA AMY ANDRIAMALALA  
11,18,RATSIHOARANA Nomenahitantsoa Amy Andriamalala
29,33,RATSIHOARANA Nomenahitantsoa Amy Andriamalala
47,13,RATSIHOARANA Nomenahitantsoa Amy Andriamalala
55,21,RATSIHOARANA Nomenahitantsoa Amy Andriamalala
23,21,  RATSIHOARANA NOMENAHITANTSOA AMY ANDRIAMALALA  
12,12,RATSIHOARANA Nomenahitantsoa Amy Andriamalala
52,5,RATSIHOARANA Nomenahitantsoa Amy Andriamalala
1,12,ratsihoarana nomenahitantsoa amy andriamalala
